Key,Summary
TEMPO-106,2025 - Daily total working time (Legal Tracking)
TEMPO-68,Management
TEMPO-30,Global Delivery Review
TEMPO-108,2025 S2 - DSM
TEMPO-109,2026 1:1 Meetings
TEMPO-33,Replenishment Meeting
TEMPO-36,Team Management
TEMPO-83,Technical interruptions / Local Development Issues
TEMPO-32,Administrative Tasks
TEMPO-79,Engineering Manager Activities (Internal)
TEMPO-29,TAO Documentation
TEMPO-66,QA test documentation authoring/maintenance
TEMPO-34,Non-engineering meetings
TEMPO-54,Absence (Out Of Office)
TEMPO-31,Training
TEMPO-77,Internal activity
TEMPO-80,Component Architect Activities (Internal)
TEMPO-50,Change Enablement Meetings
TEMPO-61,PMO Chapter Meeting
TEMPO-45,Onboarding
SI-618,[TEMPO] 1:1 Meetings
TEMPO-43,Travel